<annotation>
  <folder>basketball</folder>
  <filename>basketball_9.jpg</filename>
  <source>
    <database>Unknown</database>
    <annotation>Unknown</annotation>
    <image>Unknown</image>
  </source>
  <size>
    <width>259</width>
    <height>194</height>
    <depth></depth>
  </size>
  <segmented>0</segmented>
  <object>
    <name>basket_ball</name>
    <truncated>0</truncated>
    <occluded>0</occluded>
    <difficult>0</difficult>
    <bndbox>
      <xmin>122.57</xmin>
      <ymin>1.16</ymin>
      <xmax>150.61</xmax>
      <ymax>28.63</ymax>
    </bndbox>
    <attributes>
      <attribute>
        <name>rotation</name>
        <value>0.0</value>
      </attribute>
    </attributes>
  </object>
  <object>
    <name>basketball_rim</name>
    <truncated>0</truncated>
    <occluded>0</occluded>
    <difficult>0</difficult>
    <bndbox>
      <xmin>97.41</xmin>
      <ymin>19.96</ymin>
      <xmax>153.79</xmax>
      <ymax>82.41</ymax>
    </bndbox>
    <attributes>
      <attribute>
        <name>rotation</name>
        <value>0.0</value>
      </attribute>
    </attributes>
  </object>
  <object>
    <name>basketball_player</name>
    <truncated>0</truncated>
    <occluded>0</occluded>
    <difficult>0</difficult>
    <bndbox>
      <xmin>6.34</xmin>
      <ymin>60.43</ymin>
      <xmax>73.99</xmax>
      <ymax>191.69</ymax>
    </bndbox>
    <attributes>
      <attribute>
        <name>rotation</name>
        <value>0.0</value>
      </attribute>
    </attributes>
  </object>
  <object>
    <name>basketball_player</name>
    <truncated>0</truncated>
    <occluded>0</occluded>
    <difficult>0</difficult>
    <bndbox>
      <xmin>169.98</xmin>
      <ymin>77.49</ymin>
      <xmax>237.92</xmax>
      <ymax>191.41</ymax>
    </bndbox>
    <attributes>
      <attribute>
        <name>rotation</name>
        <value>0.0</value>
      </attribute>
    </attributes>
  </object>
  <object>
    <name>basketball_player</name>
    <truncated>0</truncated>
    <occluded>0</occluded>
    <difficult>0</difficult>
    <bndbox>
      <xmin>64.16</xmin>
      <ymin>117.1</ymin>
      <xmax>128.64</xmax>
      <ymax>191.41</ymax>
    </bndbox>
    <attributes>
      <attribute>
        <name>rotation</name>
        <value>0.0</value>
      </attribute>
    </attributes>
  </object>
  <object>
    <name>basketball_player</name>
    <truncated>0</truncated>
    <occluded>0</occluded>
    <difficult>0</difficult>
    <bndbox>
      <xmin>203.23</xmin>
      <ymin>53.49</ymin>
      <xmax>257.59</xmax>
      <ymax>187.65</ymax>
    </bndbox>
    <attributes>
      <attribute>
        <name>rotation</name>
        <value>0.0</value>
      </attribute>
    </attributes>
  </object>
</annotation>
