<annotation>
  <folder>basketball</folder>
  <filename>basketball_3.jpg</filename>
  <source>
    <database>Unknown</database>
    <annotation>Unknown</annotation>
    <image>Unknown</image>
  </source>
  <size>
    <width>2560</width>
    <height>1707</height>
    <depth></depth>
  </size>
  <segmented>0</segmented>
  <object>
    <name>basket_ball</name>
    <truncated>0</truncated>
    <occluded>0</occluded>
    <difficult>0</difficult>
    <bndbox>
      <xmin>974.72</xmin>
      <ymin>549.62</ymin>
      <xmax>1150.25</xmax>
      <ymax>709.89</ymax>
    </bndbox>
    <attributes>
      <attribute>
        <name>rotation</name>
        <value>0.0</value>
      </attribute>
    </attributes>
  </object>
  <object>
    <name>basketball_player</name>
    <truncated>0</truncated>
    <occluded>0</occluded>
    <difficult>0</difficult>
    <bndbox>
      <xmin>1592.9</xmin>
      <ymin>903.23</ymin>
      <xmax>2053.36</xmax>
      <ymax>1696.95</ymax>
    </bndbox>
    <attributes>
      <attribute>
        <name>rotation</name>
        <value>0.0</value>
      </attribute>
    </attributes>
  </object>
  <object>
    <name>basketball_player</name>
    <truncated>0</truncated>
    <occluded>0</occluded>
    <difficult>0</difficult>
    <bndbox>
      <xmin>1132.44</xmin>
      <ymin>1137.28</ymin>
      <xmax>1554.74</xmax>
      <ymax>1696.95</ymax>
    </bndbox>
    <attributes>
      <attribute>
        <name>rotation</name>
        <value>0.0</value>
      </attribute>
    </attributes>
  </object>
  <object>
    <name>basketball_player</name>
    <truncated>0</truncated>
    <occluded>0</occluded>
    <difficult>0</difficult>
    <bndbox>
      <xmin>704.87</xmin>
      <ymin>452.24</ymin>
      <xmax>996.02</xmax>
      <ymax>1355.0</ymax>
    </bndbox>
    <attributes>
      <attribute>
        <name>rotation</name>
        <value>0.0</value>
      </attribute>
    </attributes>
  </object>
  <object>
    <name>basketball_rim</name>
    <truncated>0</truncated>
    <occluded>0</occluded>
    <difficult>0</difficult>
    <bndbox>
      <xmin>369.25</xmin>
      <ymin>234.17</ymin>
      <xmax>753.39</xmax>
      <ymax>661.56</ymax>
    </bndbox>
    <attributes>
      <attribute>
        <name>rotation</name>
        <value>0.0</value>
      </attribute>
    </attributes>
  </object>
</annotation>
