<annotation>
  <folder>basketball</folder>
  <filename>basketball_5.jpg</filename>
  <source>
    <database>Unknown</database>
    <annotation>Unknown</annotation>
    <image>Unknown</image>
  </source>
  <size>
    <width>512</width>
    <height>324</height>
    <depth></depth>
  </size>
  <segmented>0</segmented>
  <object>
    <name>basket_ball</name>
    <truncated>0</truncated>
    <occluded>0</occluded>
    <difficult>0</difficult>
    <bndbox>
      <xmin>277.72</xmin>
      <ymin>55.51</ymin>
      <xmax>302.83</xmax>
      <ymax>80.14</ymax>
    </bndbox>
    <attributes>
      <attribute>
        <name>rotation</name>
        <value>0.0</value>
      </attribute>
    </attributes>
  </object>
  <object>
    <name>basketball_player</name>
    <truncated>0</truncated>
    <occluded>0</occluded>
    <difficult>0</difficult>
    <bndbox>
      <xmin>204.81</xmin>
      <ymin>59.86</ymin>
      <xmax>305.73</xmax>
      <ymax>282.94</ymax>
    </bndbox>
    <attributes>
      <attribute>
        <name>rotation</name>
        <value>0.0</value>
      </attribute>
    </attributes>
  </object>
  <object>
    <name>basketball_player</name>
    <truncated>0</truncated>
    <occluded>0</occluded>
    <difficult>0</difficult>
    <bndbox>
      <xmin>350.64</xmin>
      <ymin>133.73</ymin>
      <xmax>431.27</xmax>
      <ymax>320.12</ymax>
    </bndbox>
    <attributes>
      <attribute>
        <name>rotation</name>
        <value>0.0</value>
      </attribute>
    </attributes>
  </object>
  <object>
    <name>basketball_rim</name>
    <truncated>0</truncated>
    <occluded>0</occluded>
    <difficult>0</difficult>
    <bndbox>
      <xmin>65.26</xmin>
      <ymin>4.33</ymin>
      <xmax>125.62</xmax>
      <ymax>75.79</ymax>
    </bndbox>
    <attributes>
      <attribute>
        <name>rotation</name>
        <value>0.0</value>
      </attribute>
    </attributes>
  </object>
  <object>
    <name>basketball_player</name>
    <truncated>0</truncated>
    <occluded>0</occluded>
    <difficult>0</difficult>
    <bndbox>
      <xmin>296.07</xmin>
      <ymin>180.09</ymin>
      <xmax>346.29</xmax>
      <ymax>321.57</ymax>
    </bndbox>
    <attributes>
      <attribute>
        <name>rotation</name>
        <value>0.0</value>
      </attribute>
    </attributes>
  </object>
  <object>
    <name>basketball_player</name>
    <truncated>0</truncated>
    <occluded>0</occluded>
    <difficult>0</difficult>
    <bndbox>
      <xmin>419.2</xmin>
      <ymin>150.63</ymin>
      <xmax>483.91</xmax>
      <ymax>311.43</ymax>
    </bndbox>
    <attributes>
      <attribute>
        <name>rotation</name>
        <value>0.0</value>
      </attribute>
    </attributes>
  </object>
</annotation>
