<annotation>
  <folder>basketball</folder>
  <filename>basketball_2.jpg</filename>
  <source>
    <database>Unknown</database>
    <annotation>Unknown</annotation>
    <image>Unknown</image>
  </source>
  <size>
    <width>784</width>
    <height>441</height>
    <depth></depth>
  </size>
  <segmented>0</segmented>
  <object>
    <name>basket_ball</name>
    <truncated>0</truncated>
    <occluded>0</occluded>
    <difficult>0</difficult>
    <bndbox>
      <xmin>536.86</xmin>
      <ymin>195.1</ymin>
      <xmax>601.86</xmax>
      <ymax>254.0</ymax>
    </bndbox>
    <attributes>
      <attribute>
        <name>rotation</name>
        <value>0.0</value>
      </attribute>
    </attributes>
  </object>
  <object>
    <name>basketball_player</name>
    <truncated>0</truncated>
    <occluded>0</occluded>
    <difficult>0</difficult>
    <bndbox>
      <xmin>364.22</xmin>
      <ymin>61.72</ymin>
      <xmax>628.94</xmax>
      <ymax>432.06000000000006</ymax>
    </bndbox>
    <attributes>
      <attribute>
        <name>rotation</name>
        <value>0.0</value>
      </attribute>
    </attributes>
  </object>
  <object>
    <name>basketball_player</name>
    <truncated>0</truncated>
    <occluded>0</occluded>
    <difficult>0</difficult>
    <bndbox>
      <xmin>69.71</xmin>
      <ymin>12.98</ymin>
      <xmax>287.72</xmax>
      <ymax>439.51</ymax>
    </bndbox>
    <attributes>
      <attribute>
        <name>rotation</name>
        <value>0.0</value>
      </attribute>
    </attributes>
  </object>
</annotation>
